Date,Price
11-Jun-18,66.1
8-Jun-18,65.77
7-Jun-18,65.96
6-Jun-18,64.75
5-Jun-18,65.51
4-Jun-18,64.76
1-Jun-18,65.81
31-May-18,66.98
30-May-18,68.24
29-May-18,66.8
25-May-18,67.92
24-May-18,70.77
23-May-18,71.85
22-May-18,72.09
21-May-18,72.26
18-May-18,71.23
17-May-18,71.47
16-May-18,71.43
15-May-18,71.34
14-May-18,71.01
11-May-18,70.69
10-May-18,71.36
9-May-18,71.16
8-May-18,68.83
7-May-18,70.74
4-May-18,69.71
3-May-18,68.45
2-May-18,67.91
1-May-18,67.28
30-Apr-18,68.56
27-Apr-18,68.11
26-Apr-18,68.18
25-Apr-18,68
24-Apr-18,67.66
23-Apr-18,67.61
20-Apr-18,68.26
19-Apr-18,68.3
18-Apr-18,68.44
17-Apr-18,66.5
16-Apr-18,66.23
13-Apr-18,67.35
12-Apr-18,67.07
11-Apr-18,66.81
10-Apr-18,65.48
9-Apr-18,63.4
6-Apr-18,62.03
5-Apr-18,63.53
4-Apr-18,63.35
3-Apr-18,63.41
2-Apr-18,63.05
29-Mar-18,64.87
28-Mar-18,64.3
27-Mar-18,65.21
26-Mar-18,65.49
23-Mar-18,65.8
22-Mar-18,64.25
21-Mar-18,65.1
20-Mar-18,63.37
19-Mar-18,62.01
16-Mar-18,62.29
15-Mar-18,61.16
14-Mar-18,60.89
13-Mar-18,60.69
12-Mar-18,61.35
9-Mar-18,62.02
8-Mar-18,60.13
7-Mar-18,61.09
6-Mar-18,62.54
5-Mar-18,62.49
2-Mar-18,61.19
1-Mar-18,60.98
28-Feb-18,61.43
27-Feb-18,62.94
26-Feb-18,63.81
23-Feb-18,63.52
22-Feb-18,62.72
21-Feb-18,61.73
20-Feb-18,61.91
16-Feb-18,61.89
15-Feb-18,61.48
14-Feb-18,60.7
13-Feb-18,59.33
12-Feb-18,59.41
9-Feb-18,59.2
8-Feb-18,61.3
7-Feb-18,61.91
6-Feb-18,63.48
5-Feb-18,64.18
2-Feb-18,65.5
1-Feb-18,65.92
31-Jan-18,64.82
30-Jan-18,64.64
29-Jan-18,65.71
26-Jan-18,66.27
25-Jan-18,65.62
24-Jan-18,65.69
23-Jan-18,64.45
22-Jan-18,63.66
19-Jan-18,63.38
18-Jan-18,63.96
17-Jan-18,63.92
16-Jan-18,63.82
12-Jan-18,64.22
11-Jan-18,63.81
10-Jan-18,63.6
9-Jan-18,62.92
8-Jan-18,61.73
5-Jan-18,61.49
4-Jan-18,61.98
3-Jan-18,61.61
2-Jan-18,60.37
29-Dec-17,60.46
28-Dec-17,59.84
27-Dec-17,59.67
26-Dec-17,59.55
22-Dec-17,58.25
21-Dec-17,58.34
20-Dec-17,58.09
19-Dec-17,57.49
18-Dec-17,57.17
15-Dec-17,57.29
14-Dec-17,57
13-Dec-17,56.59
12-Dec-17,57.12
11-Dec-17,57.84
8-Dec-17,57.15
7-Dec-17,56.5
6-Dec-17,55.79
5-Dec-17,57.66
4-Dec-17,57.48
1-Dec-17,58.35
30-Nov-17,57.4
29-Nov-17,57.25
28-Nov-17,57.96
27-Nov-17,58.1
24-Nov-17,58.94
22-Nov-17,57.88
21-Nov-17,56.84
20-Nov-17,56.21
17-Nov-17,56.21
16-Nov-17,55.14
15-Nov-17,55.28
14-Nov-17,55.67
13-Nov-17,56.77
10-Nov-17,56.75
9-Nov-17,57.16
8-Nov-17,56.82
7-Nov-17,57.19
6-Nov-17,57.34
3-Nov-17,55.63
2-Nov-17,54.55
1-Nov-17,54.32
31-Oct-17,54.36
30-Oct-17,54.11
27-Oct-17,53.92
26-Oct-17,52.41
25-Oct-17,51.97
24-Oct-17,52.32
23-Oct-17,51.91
20-Oct-17,51.63
19-Oct-17,51.29
18-Oct-17,52.05
17-Oct-17,51.87
16-Oct-17,51.86
13-Oct-17,51.43
12-Oct-17,50.61
11-Oct-17,51.3
10-Oct-17,50.93
9-Oct-17,49.58
6-Oct-17,49.34
5-Oct-17,50.79
4-Oct-17,50
3-Oct-17,50.44
2-Oct-17,50.59
29-Sep-17,51.67
28-Sep-17,51.62
27-Sep-17,52.14
26-Sep-17,51.59
25-Sep-17,51.85
22-Sep-17,50.33
21-Sep-17,50.58
20-Sep-17,50.29
19-Sep-17,49.54
18-Sep-17,49.88
15-Sep-17,49.9
14-Sep-17,49.86
13-Sep-17,49.3
12-Sep-17,48.21
11-Sep-17,48.06
8-Sep-17,47.44
7-Sep-17,49.1
6-Sep-17,49.13
5-Sep-17,48.63
1-Sep-17,47.32
31-Aug-17,47.26
30-Aug-17,45.96
29-Aug-17,46.46
28-Aug-17,46.4
25-Aug-17,47.65
24-Aug-17,47.24
23-Aug-17,48.45
22-Aug-17,47.65
21-Aug-17,47.39
18-Aug-17,48.59
17-Aug-17,47.07
16-Aug-17,46.8
15-Aug-17,47.57
14-Aug-17,47.59
11-Aug-17,48.81
10-Aug-17,48.54
9-Aug-17,49.59
8-Aug-17,49.07
7-Aug-17,49.37
4-Aug-17,49.57
3-Aug-17,49.03
2-Aug-17,49.6
1-Aug-17,49.19
31-Jul-17,50.21
28-Jul-17,49.72
27-Jul-17,49.05
26-Jul-17,48.58
25-Jul-17,47.77
24-Jul-17,46.21
21-Jul-17,45.78
20-Jul-17,46.73
19-Jul-17,47.1
18-Jul-17,46.4
17-Jul-17,46.02
14-Jul-17,46.53
13-Jul-17,46.06
12-Jul-17,45.48
11-Jul-17,45.06
10-Jul-17,44.4
7-Jul-17,44.25
6-Jul-17,45.52
5-Jul-17,45.11
30-Jun-17,46.02
29-Jun-17,44.88
28-Jun-17,44.74
27-Jun-17,44.25
26-Jun-17,43.24
23-Jun-17,42.86
22-Jun-17,42.53
21-Jun-17,42.48
20-Jun-17,43.34
19-Jun-17,44.24
16-Jun-17,44.73
15-Jun-17,44.47
14-Jun-17,44.79
13-Jun-17,46.41
12-Jun-17,46.1
9-Jun-17,45.82
8-Jun-17,45.68
7-Jun-17,45.8
6-Jun-17,48.13
5-Jun-17,47.4
2-Jun-17,47.68
1-Jun-17,48.32
31-May-17,48.29
30-May-17,49.63
26-May-17,49.58
25-May-17,48.57
24-May-17,50.99
23-May-17,51.12
22-May-17,50.81
19-May-17,50.32
18-May-17,49.36
17-May-17,49.04
16-May-17,48.64
15-May-17,48.86
12-May-17,47.83
11-May-17,47.81
10-May-17,47.28
9-May-17,45.84
8-May-17,46.46
5-May-17,46.23
4-May-17,45.55
3-May-17,47.79
2-May-17,47.65
1-May-17,48.83
28-Apr-17,49.31
27-Apr-17,48.96
26-Apr-17,49.22
25-Apr-17,49.22
24-Apr-17,48.9
21-Apr-17,49.64
20-Apr-17,50.26
19-Apr-17,50.49
18-Apr-17,52.46
17-Apr-17,52.62
13-Apr-17,53.19
12-Apr-17,53.12
11-Apr-17,53.38
10-Apr-17,53.06
7-Apr-17,52.25
6-Apr-17,51.69
5-Apr-17,51.14
4-Apr-17,50.99
3-Apr-17,50.25
31-Mar-17,50.54
30-Mar-17,50.3
29-Mar-17,49.47
28-Mar-17,48.36
27-Mar-17,47.02
24-Mar-17,47.3
23-Mar-17,47
22-Mar-17,47.29
21-Mar-17,47.02
20-Mar-17,47.79
17-Mar-17,48.34
16-Mar-17,48.3
15-Mar-17,48.34
14-Mar-17,47.24
13-Mar-17,47.95
10-Mar-17,48.05
9-Mar-17,48.75
8-Mar-17,49.83
7-Mar-17,52.68
6-Mar-17,53.19
3-Mar-17,53.33
2-Mar-17,52.63
1-Mar-17,53.82
28-Feb-17,54
27-Feb-17,54.04
24-Feb-17,53.99
23-Feb-17,54.48
22-Feb-17,53.61
21-Feb-17,54.02
17-Feb-17,53.41
16-Feb-17,53.41
15-Feb-17,53.11
14-Feb-17,53.21
13-Feb-17,52.96
10-Feb-17,53.84
9-Feb-17,52.99
8-Feb-17,52.37
7-Feb-17,52.19
6-Feb-17,53.01
3-Feb-17,53.81
2-Feb-17,53.55
1-Feb-17,53.9
31-Jan-17,52.75
30-Jan-17,52.63
27-Jan-17,53.18
26-Jan-17,53.24
25-Jan-17,52.14
24-Jan-17,52.38
23-Jan-17,52.77
20-Jan-17,52.33
19-Jan-17,51.39
18-Jan-17,51.12
17-Jan-17,52.45
13-Jan-17,52.36
12-Jan-17,53.01
11-Jan-17,52.19
10-Jan-17,50.82
9-Jan-17,51.95
6-Jan-17,53.98
5-Jan-17,53.77
4-Jan-17,53.26
3-Jan-17,52.36
30-Dec-16,53.75
29-Dec-16,53.8
28-Dec-16,54.01
27-Dec-16,52.82
23-Dec-16,52.01
22-Dec-16,51.98
21-Dec-16,51.44
20-Dec-16,52.22
19-Dec-16,52.13
16-Dec-16,51.93
15-Dec-16,50.9
14-Dec-16,51.01
13-Dec-16,52.99
12-Dec-16,52.74
9-Dec-16,51.51
8-Dec-16,50.84
7-Dec-16,49.85
6-Dec-16,50.95
5-Dec-16,51.72
2-Dec-16,51.7
1-Dec-16,51.08
30-Nov-16,49.41
29-Nov-16,45.29
28-Nov-16,45.66
25-Nov-16,46.72
23-Nov-16,46.72
22-Nov-16,48.07
21-Nov-16,47.48
18-Nov-16,45.69
17-Nov-16,45.37
16-Nov-16,45.56
15-Nov-16,45.86
14-Nov-16,43.29
11-Nov-16,43.39
10-Nov-16,44.62
9-Nov-16,45.2
8-Nov-16,44.96
7-Nov-16,44.88
4-Nov-16,44.07
3-Nov-16,44.66
2-Nov-16,45.32
1-Nov-16,46.66
31-Oct-16,46.83
28-Oct-16,48.72
27-Oct-16,49.71
26-Oct-16,48.75
25-Oct-16,49.45
24-Oct-16,50.18
21-Oct-16,50.61
20-Oct-16,50.31
19-Oct-16,51.59
18-Oct-16,50.3
17-Oct-16,49.97
14-Oct-16,50.35
13-Oct-16,50.47
12-Oct-16,50.14
11-Oct-16,50.72
10-Oct-16,49.76
7-Oct-16,49.76
6-Oct-16,50.44
5-Oct-16,49.75
4-Oct-16,48.67
3-Oct-16,48.8
30-Sep-16,47.72
29-Sep-16,47.72
28-Sep-16,47.07
27-Sep-16,44.65
26-Sep-16,45.6
23-Sep-16,44.36
22-Sep-16,46.1
21-Sep-16,45.33
20-Sep-16,43.85
19-Sep-16,43.34
16-Sep-16,43.04
15-Sep-16,43.85
14-Sep-16,43.62
13-Sep-16,44.91
12-Sep-16,46.28
9-Sep-16,45.88
8-Sep-16,47.63
7-Sep-16,45.47
6-Sep-16,44.85
2-Sep-16,44.39
1-Sep-16,43.17
31-Aug-16,44.68
30-Aug-16,46.32
29-Aug-16,46.97
26-Aug-16,47.64
25-Aug-16,46.97
24-Aug-16,46.29
23-Aug-16,47.54
22-Aug-16,46.8
19-Aug-16,48.48
18-Aug-16,48.2
17-Aug-16,46.81
16-Aug-16,46.57
15-Aug-16,45.72
12-Aug-16,44.47
11-Aug-16,43.51
10-Aug-16,41.75
9-Aug-16,42.78
8-Aug-16,43.06
5-Aug-16,41.83
4-Aug-16,41.92
3-Aug-16,40.8
2-Aug-16,39.5
1-Aug-16,40.05
29-Jul-16,41.54
28-Jul-16,41.13
27-Jul-16,41.9
26-Jul-16,42.16
25-Jul-16,42.4
22-Jul-16,43.41
21-Jul-16,43.96
20-Jul-16,44.96
19-Jul-16,44.64
18-Jul-16,45.23
15-Jul-16,45.93
14-Jul-16,45.64
13-Jul-16,44.87
12-Jul-16,46.82
11-Jul-16,44.73
8-Jul-16,45.37
7-Jul-16,45.22
6-Jul-16,47.37
5-Jul-16,46.73
1-Jul-16,49.02
30-Jun-16,48.27
29-Jun-16,49.85
28-Jun-16,47.93
27-Jun-16,45.8
24-Jun-16,46.7
23-Jun-16,49.34
22-Jun-16,49.16
21-Jun-16,48.95
20-Jun-16,49.4
17-Jun-16,48
16-Jun-16,46.14
15-Jun-16,47.92
14-Jun-16,48.49
13-Jun-16,48.89
10-Jun-16,49.09
9-Jun-16,50.52
8-Jun-16,51.23
7-Jun-16,50.37
6-Jun-16,49.71
3-Jun-16,48.69
2-Jun-16,49.14
1-Jun-16,49.07
31-May-16,49.1
27-May-16,49.36
26-May-16,49
25-May-16,49.1
24-May-16,48.04
23-May-16,48.12
20-May-16,47.67
19-May-16,48.16
18-May-16,48.12
17-May-16,48.29
16-May-16,47.72
13-May-16,46.22
12-May-16,46.64
11-May-16,46.21
10-May-16,44.68
9-May-16,43.45
6-May-16,44.58
5-May-16,44.33
4-May-16,43.77
3-May-16,43.65
2-May-16,44.75
29-Apr-16,45.98
28-Apr-16,46.03
27-Apr-16,45.29
26-Apr-16,42.52
25-Apr-16,41.67
22-Apr-16,42.76
21-Apr-16,43.18
20-Apr-16,42.72
19-Apr-16,40.88
18-Apr-16,39.74
15-Apr-16,40.4
14-Apr-16,41.45
13-Apr-16,41.7
12-Apr-16,42.12
11-Apr-16,40.46
8-Apr-16,39.74
7-Apr-16,37.3
6-Apr-16,37.74
5-Apr-16,34.52
4-Apr-16,34.3
1-Apr-16,35.36
31-Mar-16,36.94
30-Mar-16,36.91
29-Mar-16,36.91
28-Mar-16,37.99
24-Mar-16,38.14
23-Mar-16,38.28
22-Mar-16,41.45
21-Mar-16,39.91
18-Mar-16,39.47
17-Mar-16,40.17
16-Mar-16,38.43
15-Mar-16,36.32
14-Mar-16,37.2
11-Mar-16,38.51
10-Mar-16,37.77
9-Mar-16,37.62
8-Mar-16,36.67
7-Mar-16,37.9
4-Mar-16,35.91
3-Mar-16,34.56
2-Mar-16,34.57
1-Mar-16,34.39
29-Feb-16,32.74
26-Feb-16,31.65
25-Feb-16,31.4
24-Feb-16,30.35
23-Feb-16,31.84
22-Feb-16,31.37
19-Feb-16,29.59
18-Feb-16,30.77
17-Feb-16,30.68
16-Feb-16,29.05
12-Feb-16,29.32
11-Feb-16,26.19
10-Feb-16,27.54
9-Feb-16,27.96
8-Feb-16,29.71
5-Feb-16,30.86
4-Feb-16,31.63
3-Feb-16,32.29
2-Feb-16,29.9
1-Feb-16,31.62
29-Jan-16,33.66
28-Jan-16,33.21
27-Jan-16,32.32
26-Jan-16,29.54
25-Jan-16,30.31
22-Jan-16,32.07
21-Jan-16,29.55
20-Jan-16,26.68
19-Jan-16,28.47
15-Jan-16,29.45
14-Jan-16,31.22
13-Jan-16,30.42
12-Jan-16,30.42
11-Jan-16,31.42
8-Jan-16,33.2
7-Jan-16,33.29
6-Jan-16,33.97
5-Jan-16,35.97
4-Jan-16,36.81
31-Dec-15,37.13
30-Dec-15,36.59
29-Dec-15,37.88
28-Dec-15,36.36
24-Dec-15,37.62
23-Dec-15,36.76
22-Dec-15,36.12
21-Dec-15,34.55
18-Dec-15,34.72
17-Dec-15,34.98
16-Dec-15,35.55
15-Dec-15,37.32
14-Dec-15,36.31
11-Dec-15,35.65
10-Dec-15,36.76
9-Dec-15,37.16
8-Dec-15,37.46
7-Dec-15,37.64
4-Dec-15,40
3-Dec-15,41.08
2-Dec-15,39.93
1-Dec-15,40.58
30-Nov-15,40.43
27-Nov-15,40.57
25-Nov-15,41.22
24-Nov-15,40.89
23-Nov-15,39.27
20-Nov-15,39.39
19-Nov-15,40.55
18-Nov-15,40.75
17-Nov-15,40.73
16-Nov-15,41.68
13-Nov-15,40.69
12-Nov-15,41.74
11-Nov-15,42.95
10-Nov-15,44.23
9-Nov-15,43.87
6-Nov-15,44.32
5-Nov-15,45.27
4-Nov-15,46.32
3-Nov-15,47.88
2-Nov-15,46.12
30-Oct-15,46.6
29-Oct-15,46.02
28-Oct-15,45.93
27-Oct-15,43.21
26-Oct-15,43.19
23-Oct-15,43.91
22-Oct-15,44.9
21-Oct-15,45.22
20-Oct-15,45.84
19-Oct-15,45.91
16-Oct-15,47.3
15-Oct-15,46.38
14-Oct-15,46.63
13-Oct-15,46.7
12-Oct-15,47.09
9-Oct-15,49.67
8-Oct-15,49.46
7-Oct-15,47.86
6-Oct-15,48.53
5-Oct-15,46.28
2-Oct-15,45.54
1-Oct-15,44.75
30-Sep-15,45.06
29-Sep-15,45.24
28-Sep-15,44.4
25-Sep-15,45.55
24-Sep-15,44.94
23-Sep-15,44.53
22-Sep-15,46.17
21-Sep-15,46.67
18-Sep-15,44.71
17-Sep-15,46.93
16-Sep-15,47.12
15-Sep-15,44.58
14-Sep-15,44.07
11-Sep-15,44.75
10-Sep-15,45.85
9-Sep-15,44.13
8-Sep-15,45.92
4-Sep-15,46.02
3-Sep-15,46.75
2-Sep-15,46.3
1-Sep-15,45.38
31-Aug-15,49.2
28-Aug-15,45.29
27-Aug-15,42.47
26-Aug-15,38.5
25-Aug-15,39.15
24-Aug-15,38.22
21-Aug-15,40.45
20-Aug-15,41
19-Aug-15,40.75
18-Aug-15,42.58
17-Aug-15,41.93
14-Aug-15,42.45
13-Aug-15,42.27
12-Aug-15,43.22
11-Aug-15,43.11
10-Aug-15,44.94
7-Aug-15,43.87
6-Aug-15,44.69
5-Aug-15,45.13
4-Aug-15,45.75
3-Aug-15,45.25
31-Jul-15,47.11
30-Jul-15,48.53
29-Jul-15,48.77
28-Jul-15,47.97
27-Jul-15,47.17
24-Jul-15,47.98
23-Jul-15,48.11
22-Jul-15,49.27
21-Jul-15,50.59
20-Jul-15,50.11
17-Jul-15,50.88
16-Jul-15,50.9
15-Jul-15,51.4
14-Jul-15,53.05
13-Jul-15,52.19
10-Jul-15,52.74
9-Jul-15,52.76
8-Jul-15,51.61
7-Jul-15,52.33
6-Jul-15,52.48
2-Jul-15,56.93
1-Jul-15,56.94
30-Jun-15,59.48
29-Jun-15,58.34
26-Jun-15,59.41
25-Jun-15,59.59
24-Jun-15,60.01
23-Jun-15,61.05
22-Jun-15,60.01
19-Jun-15,59.62
18-Jun-15,60.41
17-Jun-15,59.89
16-Jun-15,60.01
15-Jun-15,59.53
12-Jun-15,59.96
11-Jun-15,60.74
10-Jun-15,61.36
9-Jun-15,60.15
8-Jun-15,58.15
5-Jun-15,59.11
4-Jun-15,58
3-Jun-15,59.67
2-Jun-15,61.3
1-Jun-15,60.24
29-May-15,60.25
28-May-15,57.69
27-May-15,57.51
26-May-15,57.29
22-May-15,58.88
21-May-15,60.18
20-May-15,58.96
19-May-15,57.3
18-May-15,59.44
15-May-15,59.73
14-May-15,59.89
13-May-15,60.5
12-May-15,60.72
11-May-15,59.23
8-May-15,59.41
7-May-15,58.99
6-May-15,60.93
5-May-15,60.38
4-May-15,58.92
1-May-15,59.1
30-Apr-15,59.62
29-Apr-15,58.55
28-Apr-15,57.05
27-Apr-15,55.56
24-Apr-15,55.98
23-Apr-15,56.59
22-Apr-15,56.17
21-Apr-15,55.58
20-Apr-15,56.37
17-Apr-15,55.71
16-Apr-15,56.69
15-Apr-15,56.25
14-Apr-15,53.3
13-Apr-15,51.95
10-Apr-15,51.63
9-Apr-15,50.79
8-Apr-15,50.44
7-Apr-15,53.95
6-Apr-15,52.08
2-Apr-15,49.13
1-Apr-15,50.12
31-Mar-15,47.72
30-Mar-15,48.66
27-Mar-15,48.83
26-Mar-15,51.41
25-Mar-15,48.75
24-Mar-15,47.03
23-Mar-15,47.4
20-Mar-15,46
19-Mar-15,44.02
18-Mar-15,44.63
17-Mar-15,43.39
16-Mar-15,43.93
13-Mar-15,44.88
12-Mar-15,47.12
11-Mar-15,48.06
10-Mar-15,48.42
9-Mar-15,49.95
6-Mar-15,49.61
5-Mar-15,50.76
4-Mar-15,51.53
3-Mar-15,50.43
2-Mar-15,49.59
27-Feb-15,49.84
26-Feb-15,47.65
25-Feb-15,50.25
24-Feb-15,48.48
23-Feb-15,49.56
20-Feb-15,49.95
19-Feb-15,51.12
18-Feb-15,52.13
17-Feb-15,53.56
13-Feb-15,52.66
12-Feb-15,51.17
11-Feb-15,48.8
10-Feb-15,50.06
9-Feb-15,52.99
6-Feb-15,51.66
5-Feb-15,50.48
4-Feb-15,48.45
3-Feb-15,53.04
2-Feb-15,49.25
30-Jan-15,47.79
29-Jan-15,44.12
28-Jan-15,44.08
27-Jan-15,45.84
26-Jan-15,44.8
23-Jan-15,45.26
22-Jan-15,45.93
21-Jan-15,47.85
20-Jan-15,46.79
16-Jan-15,48.49
15-Jan-15,46.37
14-Jan-15,48.49
13-Jan-15,45.92
12-Jan-15,46.06
9-Jan-15,48.35
8-Jan-15,48.8
7-Jan-15,48.69
6-Jan-15,47.98
5-Jan-15,50.05
2-Jan-15,52.72
31-Dec-14,53.45
30-Dec-14,54.14
29-Dec-14,53.46
26-Dec-14,54.59
24-Dec-14,55.7
23-Dec-14,56.78
22-Dec-14,55.25
19-Dec-14,56.91
18-Dec-14,54.18
17-Dec-14,56.43
16-Dec-14,55.97
15-Dec-14,55.96
12-Dec-14,57.81
11-Dec-14,60.01
10-Dec-14,60.99
9-Dec-14,63.74
8-Dec-14,63.13
5-Dec-14,65.89
4-Dec-14,66.73
3-Dec-14,67.3
2-Dec-14,66.99
1-Dec-14,68.98
28-Nov-14,65.94
26-Nov-14,73.7
25-Nov-14,74.04
24-Nov-14,75.74
21-Nov-14,76.52
20-Nov-14,75.63
19-Nov-14,74.55
18-Nov-14,74.55
17-Nov-14,75.64
14-Nov-14,75.91
13-Nov-14,74.13
12-Nov-14,77.16
11-Nov-14,77.85
10-Nov-14,77.43
7-Nov-14,78.71
6-Nov-14,77.87
5-Nov-14,78.71
4-Nov-14,77.15
3-Nov-14,78.77
31-Oct-14,80.53
30-Oct-14,81.06
29-Oct-14,82.25
28-Oct-14,81.36
27-Oct-14,81.26
24-Oct-14,81.27
23-Oct-14,82.81
22-Oct-14,80.52
21-Oct-14,83.25
20-Oct-14,82.76
17-Oct-14,82.8
16-Oct-14,82.33
15-Oct-14,81.82
14-Oct-14,81.72
13-Oct-14,85.73
10-Oct-14,85.87
9-Oct-14,85.76
8-Oct-14,87.29
7-Oct-14,88.89
6-Oct-14,90.33
3-Oct-14,89.76
2-Oct-14,91.02
1-Oct-14,90.74
30-Sep-14,91.17
29-Sep-14,94.53
26-Sep-14,95.55
25-Sep-14,93.59
24-Sep-14,93.6
23-Sep-14,91.55
22-Sep-14,91.46
19-Sep-14,92.43
18-Sep-14,93.07
17-Sep-14,94.33
16-Sep-14,94.91
15-Sep-14,92.86
12-Sep-14,92.18
11-Sep-14,92.89
10-Sep-14,91.71
9-Sep-14,92.73
8-Sep-14,92.64
5-Sep-14,93.32
4-Sep-14,94.51
3-Sep-14,95.5
2-Sep-14,92.92
29-Aug-14,97.86
28-Aug-14,96.44
27-Aug-14,95.82
26-Aug-14,95.78
25-Aug-14,95.39
22-Aug-14,93.61
21-Aug-14,93.97
20-Aug-14,96.4
19-Aug-14,94.35
18-Aug-14,96.44
15-Aug-14,97.3
14-Aug-14,95.54
13-Aug-14,97.57
12-Aug-14,97.36
11-Aug-14,98.09
8-Aug-14,97.61
7-Aug-14,97.34
6-Aug-14,96.93
5-Aug-14,97.34
4-Aug-14,98.26
1-Aug-14,97.86
31-Jul-14,98.23
30-Jul-14,104.29
29-Jul-14,104.91
28-Jul-14,105.68
25-Jul-14,105.23
24-Jul-14,102.76
23-Jul-14,103.81
22-Jul-14,104.59
21-Jul-14,105.34
18-Jul-14,103.83
17-Jul-14,103.84
16-Jul-14,101.88
15-Jul-14,100.56
14-Jul-14,101.73
11-Jul-14,101.48
10-Jul-14,103.61
9-Jul-14,102.93
8-Jul-14,104.06
7-Jul-14,104.19
3-Jul-14,104.76
2-Jul-14,105.18
1-Jul-14,106.06
30-Jun-14,106.07
27-Jun-14,106.46
26-Jun-14,106.49
25-Jun-14,107.04
24-Jun-14,106.64
23-Jun-14,106.83
20-Jun-14,107.95
19-Jun-14,107.08
18-Jun-14,106.64
17-Jun-14,106.95
16-Jun-14,107.52
13-Jun-14,107.49
12-Jun-14,107.2
11-Jun-14,105.04
10-Jun-14,105.02
9-Jun-14,105.09
6-Jun-14,103.32
5-Jun-14,103.17
4-Jun-14,103.27
3-Jun-14,103.34
2-Jun-14,103.07
30-May-14,103.4
29-May-14,104.26
28-May-14,103.37
27-May-14,104.78
23-May-14,105.01
22-May-14,104.03
21-May-14,104.31
20-May-14,102.8
19-May-14,102.95
16-May-14,102.31
15-May-14,101.74
14-May-14,102.63
13-May-14,102.01
12-May-14,100.89
9-May-14,100.32
8-May-14,100.52
7-May-14,101.06
6-May-14,99.81
5-May-14,99.74
2-May-14,100.09
1-May-14,99.69
30-Apr-14,100.07
29-Apr-14,101.56
28-Apr-14,101.13
25-Apr-14,100.85
24-Apr-14,102.2
23-Apr-14,101.47
22-Apr-14,101.69
21-Apr-14,104.35
17-Apr-14,104.33
16-Apr-14,103.71
15-Apr-14,103.7
14-Apr-14,104.05
11-Apr-14,103.68
10-Apr-14,103.37
9-Apr-14,103.55
8-Apr-14,102.57
7-Apr-14,100.43
4-Apr-14,101.16
3-Apr-14,100.29
2-Apr-14,99.6
1-Apr-14,99.69
31-Mar-14,101.57
28-Mar-14,101.73
27-Mar-14,101.25
26-Mar-14,100.61
25-Mar-14,99.66
24-Mar-14,100.05
21-Mar-14,99.97
20-Mar-14,99.68
19-Mar-14,100.71
18-Mar-14,100.08
17-Mar-14,98.43
14-Mar-14,99.23
13-Mar-14,98.57
12-Mar-14,98.29
11-Mar-14,100.29
10-Mar-14,101.39
7-Mar-14,102.82
6-Mar-14,101.82
5-Mar-14,101.75
4-Mar-14,103.64
3-Mar-14,105.34
28-Feb-14,102.88
27-Feb-14,102.68
26-Feb-14,102.93
25-Feb-14,102.2
24-Feb-14,103.17
21-Feb-14,102.53
20-Feb-14,103.2
19-Feb-14,103.46
18-Feb-14,102.54
14-Feb-14,100.31
13-Feb-14,100.27
12-Feb-14,100.38
11-Feb-14,99.96
10-Feb-14,100.12
7-Feb-14,99.98
6-Feb-14,97.84
5-Feb-14,97.4
4-Feb-14,97.24
3-Feb-14,96.44
31-Jan-14,97.55
30-Jan-14,98.25
29-Jan-14,97.34
28-Jan-14,97.49
27-Jan-14,95.82
24-Jan-14,96.66
23-Jan-14,97.23
22-Jan-14,96.35
21-Jan-14,94.51
17-Jan-14,93.96
16-Jan-14,93.54
15-Jan-14,93.78
14-Jan-14,92.15
13-Jan-14,91.45
10-Jan-14,92.39
9-Jan-14,91.36
8-Jan-14,91.9
7-Jan-14,93.31
6-Jan-14,93.12
3-Jan-14,93.66
2-Jan-14,95.14
31-Dec-13,98.17
30-Dec-13,98.9
27-Dec-13,99.94
26-Dec-13,99.18
24-Dec-13,98.87
23-Dec-13,98.62
20-Dec-13,99.11
19-Dec-13,98.4
18-Dec-13,97.59
17-Dec-13,96.99
16-Dec-13,97.18
13-Dec-13,96.27
12-Dec-13,97.21
11-Dec-13,97.25
10-Dec-13,98.32
9-Dec-13,97.1
6-Dec-13,97.48
5-Dec-13,97.14
4-Dec-13,96.97
3-Dec-13,95.83
2-Dec-13,93.61
29-Nov-13,92.55
27-Nov-13,92.05
26-Nov-13,93.41
25-Nov-13,93.86
22-Nov-13,94.53
21-Nov-13,95.35
20-Nov-13,93.34
19-Nov-13,93.35
18-Nov-13,93.03
15-Nov-13,93.8
14-Nov-13,93.76
13-Nov-13,93.91
12-Nov-13,93.12
11-Nov-13,95.13
8-Nov-13,94.56
7-Nov-13,94.25
6-Nov-13,94.74
5-Nov-13,93.4
4-Nov-13,94.58
1-Nov-13,94.56
31-Oct-13,96.29
30-Oct-13,96.81
29-Oct-13,98.29
28-Oct-13,98.74
25-Oct-13,97.4
24-Oct-13,96.65
23-Oct-13,96.9
22-Oct-13,97.63
21-Oct-13,99.28
18-Oct-13,100.87
17-Oct-13,100.72
16-Oct-13,102.34
15-Oct-13,101.15
14-Oct-13,102.46
11-Oct-13,102.17
10-Oct-13,103.08
9-Oct-13,101.63
8-Oct-13,103.54
7-Oct-13,103.07
4-Oct-13,103.83
3-Oct-13,103.29
2-Oct-13,104.15
1-Oct-13,102.09
30-Sep-13,102.36
27-Sep-13,102.86
26-Sep-13,103.1
25-Sep-13,102.68
24-Sep-13,103.22
23-Sep-13,103.62
20-Sep-13,104.7
19-Sep-13,106.26
18-Sep-13,108.23
17-Sep-13,105.36
16-Sep-13,106.54
13-Sep-13,108.31
12-Sep-13,108.72
11-Sep-13,107.65
10-Sep-13,107.48
9-Sep-13,109.62
6-Sep-13,110.62
5-Sep-13,108.5
4-Sep-13,107.29
3-Sep-13,108.67
30-Aug-13,107.98
29-Aug-13,108.51
28-Aug-13,110.17
27-Aug-13,109.11
26-Aug-13,105.88
23-Aug-13,106.48
22-Aug-13,104.93
21-Aug-13,103.93
20-Aug-13,104.9
19-Aug-13,107.14
16-Aug-13,107.58
15-Aug-13,107.43
14-Aug-13,106.89
13-Aug-13,106.78
12-Aug-13,106.19
9-Aug-13,106.04
8-Aug-13,103.45
7-Aug-13,104.41
6-Aug-13,105.32
5-Aug-13,106.61
2-Aug-13,106.94
1-Aug-13,107.93
31-Jul-13,105.1
30-Jul-13,103.14
29-Jul-13,104.61
26-Jul-13,104.76
25-Jul-13,105.47
24-Jul-13,105.41
23-Jul-13,107.13
22-Jul-13,106.61
19-Jul-13,108
18-Jul-13,107.94
17-Jul-13,106.39
16-Jul-13,105.88
15-Jul-13,106.2
12-Jul-13,105.85
11-Jul-13,104.77
10-Jul-13,106.41
9-Jul-13,103.46
8-Jul-13,103.03
5-Jul-13,103.09
3-Jul-13,101.92
2-Jul-13,99.65
1-Jul-13,97.94
28-Jun-13,96.36
27-Jun-13,97
26-Jun-13,95.47
25-Jun-13,95.25
24-Jun-13,95.07
21-Jun-13,93.81
20-Jun-13,94.89
19-Jun-13,98.24
18-Jun-13,98.46
17-Jun-13,97.86
14-Jun-13,97.83
13-Jun-13,96.66
12-Jun-13,95.98
11-Jun-13,95.5
10-Jun-13,95.82
7-Jun-13,96.11
6-Jun-13,94.71
5-Jun-13,93.66
4-Jun-13,93.36
3-Jun-13,93.41
31-May-13,91.93
30-May-13,93.57
29-May-13,93.13
28-May-13,94.65
24-May-13,93.84
23-May-13,94.12
22-May-13,93.98
21-May-13,95.55
20-May-13,96.29
17-May-13,95.72
16-May-13,94.85
15-May-13,93.95
14-May-13,93.96
13-May-13,94.76
10-May-13,95.81
9-May-13,96.09
8-May-13,96.24
7-May-13,95.28
6-May-13,95.8
3-May-13,95.25
2-May-13,93.7
1-May-13,90.74
30-Apr-13,93.22
29-Apr-13,94.09
26-Apr-13,92.63
25-Apr-13,93.27
24-Apr-13,91.07
23-Apr-13,89.21
22-Apr-13,88.81
19-Apr-13,88.04
18-Apr-13,87.83
17-Apr-13,86.65
16-Apr-13,88.73
15-Apr-13,88.75
12-Apr-13,91.23
11-Apr-13,93.44
10-Apr-13,94.59
9-Apr-13,94.18
8-Apr-13,93.36
5-Apr-13,92.76
4-Apr-13,93.26
3-Apr-13,95.02
2-Apr-13,97.23
1-Apr-13,97.1
28-Mar-13,97.24
27-Mar-13,96.53
26-Mar-13,95.99
25-Mar-13,94.55
22-Mar-13,93.41
21-Mar-13,92.46
20-Mar-13,93.21
19-Mar-13,92.44
18-Mar-13,93.71
15-Mar-13,93.49
14-Mar-13,93.03
13-Mar-13,92.47
12-Mar-13,92.44
11-Mar-13,92.07
8-Mar-13,92.01
7-Mar-13,91.53
6-Mar-13,90.47
5-Mar-13,90.88
4-Mar-13,90.13
1-Mar-13,90.71
28-Feb-13,92.03
27-Feb-13,92.84
26-Feb-13,92.63
25-Feb-13,92.74
22-Feb-13,93.12
21-Feb-13,92.79
20-Feb-13,94.92
19-Feb-13,96.69
15-Feb-13,95.95
14-Feb-13,97.3
13-Feb-13,97.03
12-Feb-13,97.48
11-Feb-13,97.01
8-Feb-13,95.71
7-Feb-13,95.84
6-Feb-13,96.44
5-Feb-13,96.68
4-Feb-13,96.21
1-Feb-13,97.46
31-Jan-13,97.65
30-Jan-13,97.98
29-Jan-13,97.62
28-Jan-13,95.95
25-Jan-13,95.15
24-Jan-13,95.35
23-Jan-13,95.06
22-Jan-13,96.09
18-Jan-13,95.61
17-Jan-13,95.49
16-Jan-13,94.28
15-Jan-13,93.26
14-Jan-13,94.27
11-Jan-13,93.6
10-Jan-13,93.81
9-Jan-13,93.08
8-Jan-13,93.21
7-Jan-13,93.2
4-Jan-13,93.12
3-Jan-13,92.97
2-Jan-13,93.14
31-Dec-12,91.83
28-Dec-12,90.66
27-Dec-12,90.91
26-Dec-12,90.71
24-Dec-12,88.29
21-Dec-12,88.2
20-Dec-12,89.76
19-Dec-12,89.09
18-Dec-12,87.46
17-Dec-12,86.71
14-Dec-12,86.32
13-Dec-12,85.39
12-Dec-12,86.35
11-Dec-12,85.36
10-Dec-12,85.14
7-Dec-12,85.45
6-Dec-12,85.47
5-Dec-12,87.36
4-Dec-12,88.04
3-Dec-12,88.69
30-Nov-12,88.54
29-Nov-12,87.64
28-Nov-12,86.1
27-Nov-12,86.81
26-Nov-12,87.28
23-Nov-12,87.01
21-Nov-12,87.08
20-Nov-12,86.46
19-Nov-12,89.05
16-Nov-12,86.62
15-Nov-12,85.45
14-Nov-12,86.32
13-Nov-12,85.38
12-Nov-12,85.56
9-Nov-12,86.08
8-Nov-12,85.07
7-Nov-12,84.5
6-Nov-12,88.62
5-Nov-12,85.64
2-Nov-12,84.9
1-Nov-12,87.05
31-Oct-12,86.23
30-Oct-12,85.65
29-Oct-12,85.52
26-Oct-12,85.84
25-Oct-12,85.59
24-Oct-12,85.39
23-Oct-12,86.65
22-Oct-12,88.3
19-Oct-12,90
18-Oct-12,92
17-Oct-12,92.04
16-Oct-12,92.07
15-Oct-12,91.84
12-Oct-12,91.83
11-Oct-12,92.19
10-Oct-12,91.24
9-Oct-12,92.42
8-Oct-12,89.43
5-Oct-12,89.87
4-Oct-12,91.69
3-Oct-12,88.19
2-Oct-12,91.88
1-Oct-12,92.44
28-Sep-12,92.18
27-Sep-12,91.89
26-Sep-12,89.92
25-Sep-12,91.07
24-Sep-12,91.68
21-Sep-12,92.64
20-Sep-12,92.14
19-Sep-12,91.97
18-Sep-12,95.25
17-Sep-12,96.51
14-Sep-12,98.94
13-Sep-12,98.3
12-Sep-12,97.02
11-Sep-12,97.03
10-Sep-12,96.52
7-Sep-12,96.41
6-Sep-12,95.58
5-Sep-12,95.37
4-Sep-12,95.34
31-Aug-12,96.47
30-Aug-12,94.61
29-Aug-12,95.5
28-Aug-12,96.3
27-Aug-12,95.54
24-Aug-12,95.78
23-Aug-12,95.87
22-Aug-12,96.89
21-Aug-12,96.55
20-Aug-12,96.03
17-Aug-12,96
16-Aug-12,95.66
15-Aug-12,94.35
14-Aug-12,93.4
13-Aug-12,92.76
10-Aug-12,92.94
9-Aug-12,93.39
8-Aug-12,93.39
7-Aug-12,93.68
6-Aug-12,92.3
3-Aug-12,91.4
2-Aug-12,87.22
1-Aug-12,88.99
31-Jul-12,88.08
30-Jul-12,89.8
27-Jul-12,90.13
26-Jul-12,89.4
25-Jul-12,88.8
24-Jul-12,88.28
23-Jul-12,87.77
20-Jul-12,91.56
19-Jul-12,92.78
18-Jul-12,89.88
17-Jul-12,89.07
16-Jul-12,88.41
13-Jul-12,87.15
12-Jul-12,86.02
11-Jul-12,85.88
10-Jul-12,83.92
9-Jul-12,85.93
6-Jul-12,84.37
5-Jul-12,87.11
3-Jul-12,87.74
2-Jul-12,83.72
29-Jun-12,85.04
28-Jun-12,77.72
27-Jun-12,80.27
26-Jun-12,79.34
25-Jun-12,78.76
22-Jun-12,79.33
21-Jun-12,77.91
20-Jun-12,81.06
19-Jun-12,83.99
18-Jun-12,83.26
15-Jun-12,84.03
14-Jun-12,83.83
13-Jun-12,82.56
12-Jun-12,83.35
11-Jun-12,82.58
8-Jun-12,84.08
7-Jun-12,84.78
6-Jun-12,85.05
5-Jun-12,84.31
4-Jun-12,83.95
1-Jun-12,83.17
31-May-12,86.52
30-May-12,87.79
29-May-12,90.75
25-May-12,90.64
24-May-12,90.36
23-May-12,89.4
22-May-12,91.44
21-May-12,92.57
18-May-12,91.51
17-May-12,92.53
16-May-12,92.78
15-May-12,93.97
14-May-12,94.75
11-May-12,96.03
10-May-12,97.1
9-May-12,96.8
8-May-12,97.13
7-May-12,97.86
4-May-12,98.49
3-May-12,102.56
2-May-12,105.25
1-May-12,106.17
30-Apr-12,104.89
27-Apr-12,104.86
26-Apr-12,104.56
25-Apr-12,103.72
24-Apr-12,103.1
23-Apr-12,102.68
20-Apr-12,103.58
19-Apr-12,102.38
18-Apr-12,102.65
17-Apr-12,104.23
16-Apr-12,102.92
13-Apr-12,102.84
12-Apr-12,103.69
11-Apr-12,102.66
10-Apr-12,101.12
9-Apr-12,102.45
5-Apr-12,103.29
4-Apr-12,101.53
3-Apr-12,104.02
2-Apr-12,105.25
30-Mar-12,103.03
29-Mar-12,102.79
28-Mar-12,105.4
27-Mar-12,107.32
26-Mar-12,107.07
23-Mar-12,106.43
22-Mar-12,104.98
21-Mar-12,106.87
20-Mar-12,105.68
19-Mar-12,108.09
16-Mar-12,107.03
15-Mar-12,105.19
14-Mar-12,105.49
13-Mar-12,106.7
12-Mar-12,106.34
9-Mar-12,107.4
8-Mar-12,106.65
7-Mar-12,106.16
6-Mar-12,104.71
5-Mar-12,106.7
2-Mar-12,106.68
1-Mar-12,108.76
29-Feb-12,107.08
28-Feb-12,106.59
27-Feb-12,108.49
24-Feb-12,109.39
23-Feb-12,107.44
22-Feb-12,105.99
21-Feb-12,105.88
17-Feb-12,103.27
16-Feb-12,102.33
15-Feb-12,101.82
14-Feb-12,100.82
13-Feb-12,100.39
10-Feb-12,98.68
9-Feb-12,99.88
8-Feb-12,98.8
7-Feb-12,98.55
6-Feb-12,96.89
3-Feb-12,97.8
2-Feb-12,96.36
1-Feb-12,97.63
31-Jan-12,98.46
30-Jan-12,98.75
27-Jan-12,99.47
26-Jan-12,99.76
25-Jan-12,99.23
24-Jan-12,98.84
23-Jan-12,99.47
20-Jan-12,98.15
19-Jan-12,100.32
18-Jan-12,100.61
17-Jan-12,100.7
13-Jan-12,98.69
12-Jan-12,99.03
11-Jan-12,100.89
10-Jan-12,102.24
9-Jan-12,101.31
6-Jan-12,101.56
5-Jan-12,101.81
4-Jan-12,103.22
3-Jan-12,102.96
30-Dec-11,98.83
29-Dec-11,99.68
28-Dec-11,99.44
27-Dec-11,101.29
23-Dec-11,99.72
22-Dec-11,99.42
21-Dec-11,98.54
20-Dec-11,97.16
19-Dec-11,93.86
16-Dec-11,93.55
15-Dec-11,93.84
14-Dec-11,94.92
13-Dec-11,100.24
12-Dec-11,97.77
9-Dec-11,99.4
8-Dec-11,98.35
7-Dec-11,100.45
6-Dec-11,101.25
5-Dec-11,100.94
2-Dec-11,100.97
1-Dec-11,100.2
30-Nov-11,100.36
29-Nov-11,99.79
28-Nov-11,98.21
25-Nov-11,96.91
23-Nov-11,96.16
22-Nov-11,97.76
21-Nov-11,96.73
18-Nov-11,97.67
17-Nov-11,98.82
16-Nov-11,102.59
15-Nov-11,99.37
14-Nov-11,98.14
11-Nov-11,98.99
10-Nov-11,97.78
9-Nov-11,95.74
8-Nov-11,96.8
7-Nov-11,95.52
4-Nov-11,94.26
3-Nov-11,94.07
2-Nov-11,92.51
1-Nov-11,92.19
31-Oct-11,93.19
28-Oct-11,93.32
27-Oct-11,93.96
26-Oct-11,90.2
25-Oct-11,92.98
24-Oct-11,91.12
21-Oct-11,87.19
20-Oct-11,86.07
19-Oct-11,86.11
18-Oct-11,88.34
17-Oct-11,86.38
14-Oct-11,86.8
13-Oct-11,83.96
12-Oct-11,85.3
11-Oct-11,85.54
10-Oct-11,85.14
7-Oct-11,82.7
6-Oct-11,82.32
5-Oct-11,79.41
4-Oct-11,75.4
3-Oct-11,77.34
30-Sep-11,78.93
29-Sep-11,81.87
28-Sep-11,80.94
27-Sep-11,84.18
26-Sep-11,79.97
23-Sep-11,79.58
22-Sep-11,80.29
21-Sep-11,85.77
20-Sep-11,86.92
19-Sep-11,85.7
16-Sep-11,87.96
15-Sep-11,89.4
14-Sep-11,88.91
13-Sep-11,90.21
12-Sep-11,88.19
9-Sep-11,87.24
8-Sep-11,89.05
7-Sep-11,89.34
6-Sep-11,85.99
2-Sep-11,86.45
1-Sep-11,88.93
31-Aug-11,88.81
30-Aug-11,88.9
29-Aug-11,87.27
26-Aug-11,85.37
25-Aug-11,85.15
24-Aug-11,84.99
23-Aug-11,85.35
22-Aug-11,84.42
19-Aug-11,82.33
18-Aug-11,82.38
17-Aug-11,87.58
16-Aug-11,86.65
15-Aug-11,87.88
12-Aug-11,85.19
11-Aug-11,85.48
10-Aug-11,83.05
9-Aug-11,79.32
8-Aug-11,81.27
5-Aug-11,86.89
4-Aug-11,86.75
3-Aug-11,91.87
2-Aug-11,93.78
1-Aug-11,94.98
29-Jul-11,95.68
28-Jul-11,97.48
27-Jul-11,97.4
26-Jul-11,99.61
25-Jul-11,98.97
22-Jul-11,99.53
21-Jul-11,98.96
20-Jul-11,98.11
19-Jul-11,97.49
18-Jul-11,95.94
15-Jul-11,97.24
14-Jul-11,95.75
13-Jul-11,98.04
12-Jul-11,97.41
11-Jul-11,95.16
8-Jul-11,96.2
7-Jul-11,98.7
6-Jul-11,96.67
5-Jul-11,96.92
1-Jul-11,94.81
30-Jun-11,95.3
29-Jun-11,94.85
28-Jun-11,92.9
27-Jun-11,90.65
24-Jun-11,90.89
23-Jun-11,90.7
22-Jun-11,94.96
21-Jun-11,93.7
20-Jun-11,93.23
17-Jun-11,93.02
16-Jun-11,94.95
15-Jun-11,94.83
14-Jun-11,99.37
13-Jun-11,97.2
10-Jun-11,99.3
9-Jun-11,101.95
8-Jun-11,100.77
7-Jun-11,99.18
6-Jun-11,99.07
3-Jun-11,100.28
2-Jun-11,100.41
1-Jun-11,100.3
31-May-11,102.7
27-May-11,100.58
26-May-11,100.18
25-May-11,100.78
24-May-11,99.13
23-May-11,97.06
20-May-11,99.15
19-May-11,97.99
18-May-11,99.52
17-May-11,96.4
16-May-11,96.91
13-May-11,99.21
12-May-11,98.53
11-May-11,97.88
10-May-11,103.39
9-May-11,100.32
6-May-11,96.87
5-May-11,99.89
4-May-11,108.79
3-May-11,110.6
2-May-11,113.03
29-Apr-11,113.39
28-Apr-11,112.38
27-Apr-11,112.31
26-Apr-11,111.72
25-Apr-11,111.68
21-Apr-11,111.72
20-Apr-11,110.84
19-Apr-11,107.18
18-Apr-11,106.7
15-Apr-11,109.17
14-Apr-11,107.73
13-Apr-11,106.6
12-Apr-11,105.75
11-Apr-11,109.5
8-Apr-11,112.27
7-Apr-11,109.82
6-Apr-11,108.38
5-Apr-11,107.82
4-Apr-11,108.14
1-Apr-11,107.55
31-Mar-11,106.19
30-Mar-11,103.8
29-Mar-11,104.34
28-Mar-11,103.54
25-Mar-11,104.89
24-Mar-11,105.04
23-Mar-11,105.21
22-Mar-11,104.53
21-Mar-11,102.36
18-Mar-11,101.06
17-Mar-11,101.47
16-Mar-11,97.99
15-Mar-11,97.23
14-Mar-11,101.2
11-Mar-11,101.14
10-Mar-11,102.73
9-Mar-11,104.39
8-Mar-11,105.06
7-Mar-11,105.37
4-Mar-11,104.34
3-Mar-11,101.92
2-Mar-11,102.27
1-Mar-11,99.63
28-Feb-11,97.1
25-Feb-11,96.52
24-Feb-11,95.83
23-Feb-11,96.04
22-Feb-11,92.65
18-Feb-11,85.03
17-Feb-11,85.05
16-Feb-11,83.8
15-Feb-11,83.13
14-Feb-11,83.66
11-Feb-11,84.39
10-Feb-11,85.44
9-Feb-11,85.59
8-Feb-11,85.85
7-Feb-11,86.3
4-Feb-11,87.87
3-Feb-11,89.42
2-Feb-11,89.78
1-Feb-11,89.54
31-Jan-11,90.99
28-Jan-11,88.15
27-Jan-11,84.45
26-Jan-11,86.15
25-Jan-11,85.08
24-Jan-11,86.74
21-Jan-11,88.22
20-Jan-11,88.56
19-Jan-11,90.85
18-Jan-11,91.38
14-Jan-11,91.53
13-Jan-11,91.39
12-Jan-11,91.85
11-Jan-11,91.11
10-Jan-11,89.24
7-Jan-11,88.07
6-Jan-11,88.37
5-Jan-11,90.3
4-Jan-11,89.39
3-Jan-11,91.59
31-Dec-10,91.38
30-Dec-10,89.85
29-Dec-10,91.13
28-Dec-10,91.48
27-Dec-10,90.99
23-Dec-10,90.84
22-Dec-10,89.83
21-Dec-10,89.3
20-Dec-10,88.68
17-Dec-10,88.02
16-Dec-10,87.71
15-Dec-10,88.66
14-Dec-10,88.33
13-Dec-10,88.62
10-Dec-10,87.81
9-Dec-10,88.35
8-Dec-10,88.3
7-Dec-10,88.69
6-Dec-10,89.33
3-Dec-10,89.18
2-Dec-10,87.98
1-Dec-10,86.75
30-Nov-10,84.12
29-Nov-10,85.73
26-Nov-10,83.87
24-Nov-10,83.21
23-Nov-10,80.79
22-Nov-10,81.24
19-Nov-10,81.65
18-Nov-10,81.88
17-Nov-10,80.43
16-Nov-10,82.33
15-Nov-10,84.88
12-Nov-10,84.89
11-Nov-10,87.77
10-Nov-10,87.77
9-Nov-10,87.04
8-Nov-10,87.07
5-Nov-10,86.85
4-Nov-10,86.49
3-Nov-10,84.45
2-Nov-10,83.91
1-Nov-10,82.94
29-Oct-10,81.45
28-Oct-10,82.2
27-Oct-10,81.9
26-Oct-10,82.6
25-Oct-10,82
22-Oct-10,81.15
21-Oct-10,80.03
20-Oct-10,81.93
19-Oct-10,79.57
18-Oct-10,83.06
15-Oct-10,81.23
14-Oct-10,82.71
13-Oct-10,83.03
12-Oct-10,81.67
11-Oct-10,82.18
8-Oct-10,82.66
7-Oct-10,81.34
6-Oct-10,83.21
5-Oct-10,82.83
4-Oct-10,81.43
1-Oct-10,81.57
30-Sep-10,79.95
29-Sep-10,77.85
28-Sep-10,76.15
27-Sep-10,76.51
24-Sep-10,74.63
23-Sep-10,73.4
22-Sep-10,72.98
21-Sep-10,72.96
20-Sep-10,74.81
17-Sep-10,73.63
16-Sep-10,74.58
15-Sep-10,75.92
14-Sep-10,76.78
13-Sep-10,77.17
10-Sep-10,76.4
9-Sep-10,74.25
8-Sep-10,74.65
7-Sep-10,73.98
3-Sep-10,74.52
2-Sep-10,74.99
1-Sep-10,73.97
31-Aug-10,71.93
30-Aug-10,74.69
27-Aug-10,75.17
26-Aug-10,73.36
25-Aug-10,72.07
24-Aug-10,71.24
23-Aug-10,72.71
20-Aug-10,73.45
19-Aug-10,74.45
18-Aug-10,75.39
17-Aug-10,75.76
16-Aug-10,75.17
13-Aug-10,75.39
12-Aug-10,75.68
11-Aug-10,78.09
10-Aug-10,80.24
9-Aug-10,81.46
6-Aug-10,80.67
5-Aug-10,82
4-Aug-10,82.49
3-Aug-10,82.52
2-Aug-10,81.25
30-Jul-10,78.85
29-Jul-10,78.3
28-Jul-10,77.06
27-Jul-10,77.46
26-Jul-10,78.93
23-Jul-10,78.68
22-Jul-10,79.01
21-Jul-10,76.27
20-Jul-10,77.32
19-Jul-10,76.53
16-Jul-10,75.96
15-Jul-10,76.67
14-Jul-10,77.02
13-Jul-10,77.16
12-Jul-10,74.93
9-Jul-10,76.08
8-Jul-10,75.46
7-Jul-10,74.05
6-Jul-10,71.96
2-Jul-10,72.06
1-Jul-10,72.95
30-Jun-10,75.59
29-Jun-10,75.93
28-Jun-10,78.26
25-Jun-10,78.45
24-Jun-10,75.96
23-Jun-10,75.9
22-Jun-10,77.15
21-Jun-10,77.84
18-Jun-10,77.18
17-Jun-10,76.82
16-Jun-10,77.67
15-Jun-10,76.84
14-Jun-10,74.99
11-Jun-10,73.89
10-Jun-10,75.48
9-Jun-10,74.38
8-Jun-10,71.88
7-Jun-10,71.55
4-Jun-10,71.43
3-Jun-10,74.62
2-Jun-10,72.88
1-Jun-10,72.7
28-May-10,74
27-May-10,74.56
26-May-10,71.52
25-May-10,64.78
24-May-10,68.23
21-May-10,68.03
20-May-10,68.28
19-May-10,69.91
18-May-10,69.38
17-May-10,70.08
14-May-10,71.61
13-May-10,74.38
12-May-10,75.65
11-May-10,76.37
10-May-10,76.89
7-May-10,75.1
6-May-10,77.18
5-May-10,80
4-May-10,82.73
3-May-10,86.19
30-Apr-10,86.07
29-Apr-10,85.17
28-Apr-10,83.22
27-Apr-10,82.43
26-Apr-10,84.2
23-Apr-10,84.34
22-Apr-10,82.89
21-Apr-10,82.78
20-Apr-10,82.98
19-Apr-10,81.52
16-Apr-10,82.97
15-Apr-10,85.25
14-Apr-10,85.62
13-Apr-10,83.8
12-Apr-10,84.07
9-Apr-10,84.6
8-Apr-10,85.17
7-Apr-10,85.64
6-Apr-10,86.54
5-Apr-10,86.36
1-Apr-10,84.53
31-Mar-10,83.45
30-Mar-10,82.14
29-Mar-10,81.92
26-Mar-10,79.75
25-Mar-10,80.25
24-Mar-10,80.29
23-Mar-10,81.68
22-Mar-10,81.26
19-Mar-10,80.58
18-Mar-10,82.16
17-Mar-10,82.93
16-Mar-10,81.75
15-Mar-10,79.79
12-Mar-10,81.26
11-Mar-10,82.1
10-Mar-10,82.07
9-Mar-10,81.5
8-Mar-10,81.85
5-Mar-10,81.5
4-Mar-10,80.21
3-Mar-10,80.91
2-Mar-10,79.62
1-Mar-10,78.71
26-Feb-10,79.72
25-Feb-10,77.99
24-Feb-10,79.75
23-Feb-10,78.61
22-Feb-10,80.04
19-Feb-10,79.77
18-Feb-10,78.97
17-Feb-10,77.27
16-Feb-10,76.98
12-Feb-10,74.11
11-Feb-10,75.23
10-Feb-10,74.48
9-Feb-10,73.71
8-Feb-10,71.87
5-Feb-10,71.15
4-Feb-10,73.13
3-Feb-10,76.96
2-Feb-10,77.21
1-Feb-10,74.41
29-Jan-10,72.85
28-Jan-10,73.62
27-Jan-10,73.64
26-Jan-10,74.67
25-Jan-10,74.9
22-Jan-10,74.25
21-Jan-10,75.84
20-Jan-10,77.42
19-Jan-10,78.98
15-Jan-10,77.96
14-Jan-10,79.35
13-Jan-10,79.66
12-Jan-10,80.79
11-Jan-10,82.54
8-Jan-10,82.74
7-Jan-10,82.6
6-Jan-10,83.12
5-Jan-10,81.74
4-Jan-10,81.52
